id,vehicleId,cablePluggedInAt,odometer,chargeType
1,3,2025-01-03T06:40:00+01:00,36006,0
2,3,2025-01-03T18:49:00+01:00,36018,0
3,2,2025-01-06T14:28:00+01:00,2539,0
4,2,2025-01-07T17:57:00+01:00,2709,0
5,3,2025-01-08T14:07:00+01:00,36118,0
6,2,2025-01-08T19:24:00+01:00,2898,0
7,2,2025-01-09T18:42:00+01:00,3081,0
8,2,2025-01-10T19:18:00+01:00,3247,0
9,2,2025-01-12T09:51:00+01:00,3301,0
10,3,2025-01-12T15:58:00+01:00,36185,0
11,2,2025-01-13T17:21:00+01:00,3471,0
12,3,2025-01-14T04:50:00+01:00,36259,0
13,3,2025-01-14T16:00:00+01:00,36320,0
14,2,2025-01-14T20:20:00+01:00,3640,0
15,2,2025-01-17T03:49:00+01:00,3826,0
16,2,2025-01-17T06:49:00+01:00,3835,1
17,3,2025-01-17T12:12:00+01:00,36418,0
18,2,2025-01-17T17:40:00+01:00,3995,0
19,3,2025-01-18T18:39:00+01:00,36450,0
20,2,2025-01-19T14:52:00+01:00,4049,0
21,2,2025-01-21T15:08:00+01:00,4228,0
22,3,2025-01-22T20:08:00+01:00,36498,0
23,2,2025-01-23T18:12:00+01:00,4449,0
24,2,2025-01-24T04:46:00+01:00,4449,0
25,2,2025-01-24T18:46:00+01:00,4615,0
26,3,2025-01-25T15:47:00+01:00,36534,0
27,2,2025-01-26T12:23:00+01:00,4644,0
28,2,2025-01-27T17:16:00+01:00,4816,0
29,3,2025-01-29T14:28:00+01:00,36620,0
30,3,2025-01-29T15:39:00+01:00,36620,0
31,2,2025-01-30T18:12:00+01:00,5073,0
32,2,2025-01-31T17:26:00+01:00,5239,0
33,2,2025-02-02T19:14:00+01:00,5380,0
34,3,2025-02-03T18:14:00+01:00,36654,0
35,3,2025-02-03T19:04:00+01:00,36654,0
36,2,2025-02-04T16:03:00+01:00,5572,0
37,2,2025-02-06T19:48:00+01:00,5771,0
38,2,2025-02-07T04:40:00+01:00,5771,0
39,2,2025-02-07T14:33:00+01:00,5903,1
40,2,2025-02-07T15:18:00+01:00,5940,0
